2018_11_05,23_13_58
t,ax,ay,az,temp,P,hum,roll,pitch,yaw,gx,gy,gz,cx,cy,cz
0.200144,-0.04023421183228493,0.025250427424907684,1.0174343585968018,26.296165466308594,1026.56787109375,41.04203796386719,1.1598075290900083,5.160309943895361,198.08876746058195,0.005435212980955839,-0.0015906505286693573,-0.00336272269487381,-5.512348175048828,1.30782949924469,23.70989418029785
0.280885,-0.03998737409710884,0.0276783537119627,1.0191402435302734,26.278221130371094,1026.56494140625,41.58503723144531,1.1862255268608541,4.929960106589388,197.2882829502348,0.0038054785691201687,0.0008615106344223022,-0.004013666883111,-5.938508033752441,1.591768741607666,26.459705352783203
0.390538,-0.03949370235204697,0.025007635354995728,1.0167032480239868,26.22438621520996,1026.562255859375,41.74065399169922,1.2069627282329531,4.7113248974836335,196.7488755907222,8.609471842646599e-05,-0.0002280157059431076,-0.001698942855000496,-6.1700849533081055,1.849403738975525,27.751556396484375
0.499155,-0.040481045842170715,0.024279257282614708,1.008173942565918,26.24233055114746,1026.557861328125,42.16114807128906,1.2263698569858983,4.51478535034287,196.5046143656242,0.0009111147373914719,-0.003190997987985611,-0.0029994919896125793,-6.291077613830566,2.2354018688201904,27.90999984741211
0.610254,-0.040481045842170715,0.0276783537119627,1.0074427127838135,26.188495635986328,1026.55126953125,41.68436813354492,1.2437748865383833,4.327668902935786,196.50223745979306,-0.003362314309924841,-0.0015152301639318466,-0.003108557313680649,-6.305370807647705,2.54707932472229,28.267597198486328
0.711603,-0.03998737409710884,0.026707183569669724,1.010123372077942,26.26027488708496,1026.54541015625,41.85984802246094,1.2683375274542183,4.1601994946762435,196.70557219138433,0.0008181785233318806,-0.003553079441189766,-0.0035203583538532257,-6.3779730796813965,2.8000574111938477,28.4852294921875
0.823614,-0.0407278798520565,0.027192767709493637,1.0279133319854736,26.152606964111328,1026.5439453125,41.96580123901367,1.2818876622721718,4.006943710079497,197.08089108627652,0.0022970782592892647,-0.0028683748096227646,-0.0015618223696947098,-6.244448661804199,2.550886631011963,28.539812088012695
0.952782,-0.0407278798520565,0.023793673142790794,1.0193839073181152,26.20644187927246,1026.545654296875,41.763832092285156,1.3012559443242122,3.863989985185246,197.3115602349262,0.001588386483490467,0.0007946323603391647,-0.003881603479385376,-6.416865348815918,2.367373466491699,28.198915481567383
1.055683,-0.03900003433227539,0.02330808714032173,1.0303502082824707,26.152606964111328,1026.539794921875,42.78692626953125,1.31183974932997,3.740939858419235,197.3557925399912,0.0008698683232069016,0.001032073050737381,-0.0034411754459142685,-6.266254901885986,2.6119890213012695,28.43014144897461
1.160122,-0.04097472131252289,0.024522049352526665,1.0271822214126587,26.20644187927246,1026.533203125,40.92284393310547,1.3299617353018949,3.6223148404617462,197.5369154964016,0.001142752356827259,0.0004078913480043411,-0.001527952030301094,-6.417607307434082,2.6892974376678467,28.152706146240234
1.275237,-0.04023421183228493,0.025978805497288704,1.0188965797424316,26.278221130371094,1026.52490234375,41.69761276245117,1.339706921143622,3.5189851773768543,197.86211446316426,-0.0006556455045938492,-0.00019429251551628113,-0.00263933464884758,-6.094872951507568,3.065858840942383,28.140050888061523
1.386327,-0.037765853106975555,0.02330808714032173,1.0218209028244019,26.20644187927246,1026.51220703125,42.89287567138672,1.3634560224962853,3.4205514792663925,198.44022167451413,-0.0002078823745250702,0.0007338989526033401,-0.002806238830089569,-6.078638076782227,3.103788137435913,27.848833084106445
1.490519,-0.03998737409710884,0.02282250113785267,1.0149974822998047,26.22438621520996,1026.499267578125,41.63470458984375,1.3697468401652786,3.3318665955356543,198.9681133350861,-0.0002978108823299408,0.00013473816215991974,-0.0002844911068677902,-6.239798069000244,3.171971321105957,28.355379104614258
1.600846,-0.040481045842170715,0.026707183569669724,1.0310814380645752,26.22438621520996,1026.49462890625,41.442665100097656,1.3562610585359116,3.2466467521482287,199.46235948380655,-0.005329472944140434,0.002507772296667099,-0.002062598243355751,-6.437323570251465,2.964092969894409,28.848222732543945
1.700606,-0.03949370235204697,0.027435559779405594,1.0154846906661987,26.296165466308594,1026.486572265625,40.9758186340332,1.369788141465416,3.1620608356931443,199.68020153719493,0.007825274951756,-0.0005159396678209305,-0.0004513859748840332,-6.424540996551514,2.7729339599609375,28.374465942382812
1.79868,-0.041468389332294464,0.020151784643530846,1.0335183143615723,26.24233055114746,1026.481689453125,41.60821533203125,1.4192949533952552,3.092341893183651,199.66341293221504,-0.00193801149725914,0.0018695518374443054,-0.0003967341035604477,-6.2548909187316895,2.794257402420044,28.184917449951172
1.908856,-0.0407278798520565,0.028163937851786613,1.0393670797348022,26.367944717407227,1026.48193359375,41.896270751953125,1.3972889376631203,3.0328118853685235,199.88290789138256,0.000451783649623394,-0.0012421142309904099,-0.000631578266620636,-6.015960216522217,2.9175221920013428,28.30999755859375
2.026719,-0.041468389332294464,0.025978805497288704,1.0347368717193604,26.26027488708496,1026.479736328125,41.57179260253906,1.3943332800215031,2.969191234570794,200.29685833622037,-0.0022532730363309383,-0.0006150193512439728,-0.0009256321936845779,-5.920458793640137,3.324152708053589,27.85918426513672
2.143349,-0.040481045842170715,0.025978805497288704,1.0327872037887573,26.278221130371094,1026.461181640625,41.94924545288086,1.4008234538368962,2.9072117501645707,200.85048614958492,0.002876042388379574,-0.0015006717294454575,0.00030596181750297546,-6.076993465423584,3.3121678829193115,27.432025909423828
2.25194,-0.03998737409710884,0.027435559779405594,1.0318124294281006,26.24233055114746,1026.4580078125,41.75389862060547,1.4114704380924767,2.851173463119201,201.38761222591472,-0.008004236035048962,0.0005853082984685898,-0.0011756401509046555,-6.095002174377441,3.56016206741333,28.044816970825195
2.364404,-0.04023421183228493,0.027435559779405594,1.0249888896942139,26.314109802246094,1026.445068359375,41.796939849853516,1.3819210120305918,2.81043479981466,202.07758427549106,-7.551535964012146e-05,0.0005222968757152557,0.00037793442606925964,-6.131500244140625,3.405867099761963,28.453519821166992
2.46938,-0.03900003433227539,0.017966650426387787,1.010610818862915,26.22438621520996,1026.4443359375,41.575103759765625,1.36977842979019,2.7719535140308085,202.58891955751488,-0.006701810285449028,0.0016342457383871078,-0.0017133615911006927,-6.434624671936035,3.2343525886535645,28.539213180541992
2.580424,-0.041468389332294464,0.022579709067940712,1.0257201194763184,26.26027488708496,1026.445068359375,41.63801574707031,1.358422173077986,2.7350250290660765,202.83917768870415,-0.0002887188456952572,-0.002065792679786682,-0.0013803187757730484,-6.027629852294922,2.7910895347595215,28.69837760925293
2.696062,-0.041221555322408676,0.033019788563251495,1.0186527967453003,26.22438621520996,1026.445068359375,41.12150192260742,1.3672121996529694,2.6920659139510468,202.73057768090095,0.007813137024641037,-0.0026400741189718246,0.0001914743334054947,-6.177916049957275,2.671997308731079,28.77136993408203
2.799209,-0.038753196597099304,0.026464389637112617,1.036442756652832,26.332054138183594,1026.448974609375,41.760520935058594,1.3881501445536433,2.651674096190295,202.5334994025894,0.004005919210612774,0.0012386143207550049,-0.0006721820682287216,-5.92434024810791,2.3429319858551025,28.735353469848633
2.91129,-0.03998737409710884,0.028163937851786613,1.0405855178833008,26.22438621520996,1026.45068359375,40.585121154785156,1.3904144589852083,2.6212103852749804,202.33674897335803,0.0019084634259343147,0.0002766251564025879,-0.00028895772993564606,-5.991274833679199,2.898928642272949,28.155216217041016
3.082889,-0.04097472131252289,0.025007635354995728,1.0271822214126587,26.20644187927246,1026.451171875,41.628082275390625,1.3886941050880115,2.5999770346927034,202.48368000278333,0.003419269807636738,0.0014445483684539795,-0.0008854195475578308,-6.157473564147949,3.1007962226867676,28.748746871948242
3.186613,-0.040481045842170715,0.02403646521270275,1.034493088722229,26.278221130371094,1026.43896484375,41.280426025390625,1.374903312823521,2.5743512321438735,202.69771081061486,0.0007642041891813278,-0.001027638092637062,5.282461643218994e-05,-6.21134090423584,3.1659181118011475,28.3846378326416
3.298913,-0.03974054008722305,0.025250427424907684,1.0335183143615723,26.314109802246094,1026.439697265625,41.60821533203125,1.3743930763481798,2.5453809847792646,202.93456811065255,-0.004996122792363167,0.00020197778940200806,-0.0002109818160533905,-5.924559593200684,2.950428009033203,28.566564559936523
3.414381,-0.03974054008722305,0.024522049352526665,1.0308376550674438,26.20644187927246,1026.44091796875,42.14790344238281,1.3673667326829408,2.5200819640935372,203.15510125857392,0.004634949378669262,-0.000662781298160553,0.000723598524928093,-5.871170520782471,2.8572309017181396,28.959819793701172
3.525093,-0.04023421183228493,0.026707183569669724,1.0296192169189453,26.22438621520996,1026.442626953125,41.82674026489258,1.3708549316364074,2.5031484310371948,203.19757137483307,-0.002009670715779066,0.0007480829954147339,0.0010504890233278275,-5.941677570343018,2.461315631866455,29.04551124572754
3.610764,-0.038506362587213516,0.027192767709493637,1.0379048585891724,26.26027488708496,1026.447265625,41.674434661865234,1.3885251646277594,2.4781352110795503,202.93694501648372,0.01292085088789463,0.002865733578801155,-0.001109866425395012,-6.105511665344238,2.6591033935546875,29.244413375854492
3.698601,-0.04023421183228493,0.027921147644519806,1.0296192169189453,26.20644187927246,1026.452392578125,40.58843231201172,1.4189602741259246,2.4562514984222408,202.8065293844715,-0.011426090262830257,-0.0016525741666555405,-0.0015594065189361572,-6.078311920166016,3.344545602798462,28.746337890625
3.785026,-0.04097472131252289,0.030834658071398735,1.0330308675765991,26.296165466308594,1026.450927734375,41.515506744384766,1.3748438688334006,2.4315428622128965,203.09835604694948,-0.008177892304956913,0.0005129296332597733,-0.0006204675883054733,-6.149947643280029,3.296652317047119,28.6638126373291
3.867256,-0.041221555322408676,0.024279257282614708,1.0366864204406738,26.134662628173828,1026.4501953125,42.1015510559082,1.3578720226846825,2.419066027589987,203.40045531393912,-0.0036217542365193367,-0.0001461021602153778,-3.33636999130249e-05,-6.318376541137695,3.1796624660491943,28.75480842590332
3.949706,-0.03974054008722305,0.02403646521270275,1.0391234159469604,26.314109802246094,1026.44873046875,41.734031677246094,1.3580284767053583,2.40542315160971,203.59430974296242,0.0027172896079719067,-0.00016638822853565216,-0.0009475536644458771,-5.991661071777344,3.089705467224121,28.907060623168945
4.038397,-0.038753196597099304,0.02403646521270275,1.0257201194763184,26.349998474121094,1026.44873046875,41.58172607421875,1.3726181876593286,2.3916944713779844,203.8093104376561,0.005489670671522617,-0.001982593908905983,-0.0009252242743968964,-6.033390522003174,3.1232645511627197,28.967905044555664
4.124423,-0.03949370235204697,0.02622159756720066,1.0369300842285156,26.26027488708496,1026.458251953125,42.531978607177734,1.3944414958311655,2.37225191101872,203.9819639594957,0.0010242955759167671,-0.0006763339042663574,-0.0009480174630880356,-4.998125076293945,2.749171018600464,29.189453125
4.214269,-0.040481045842170715,0.02694997750222683,1.034493088722229,26.349998474121094,1026.455322265625,41.61152648925781,1.4053940243303984,2.3593654784890217,204.10117808126907,0.0023900894448161125,-0.0006471406668424606,-0.0012313425540924072,-5.61106014251709,2.4344699382781982,29.05877685546875
4.307168,-0.04023421183228493,0.025736013427376747,1.0342494249343872,26.098772048950195,1026.452880859375,42.237300872802734,1.416371525708784,2.3479816875767257,203.93596946562482,-0.0004401709884405136,0.00116780586540699,0.0015124529600143433,-5.880861759185791,2.483445405960083,29.201108932495117
4.397035,-0.041221555322408676,0.025250427424907684,1.0225520133972168,26.332054138183594,1026.456298828125,41.62477111816406,1.4103382275158414,2.3384877246304083,203.76031066055043,0.0011553708463907242,-0.0012120511382818222,0.0005821418017148972,-5.649236679077148,2.6399013996124268,29.12058448791504
4.525293,-0.03900003433227539,0.02622159756720066,1.0266947746276855,26.24233055114746,1026.47216796875,43.05842590332031,1.4254939903972765,2.3152202583359367,203.64538589757578,-0.0022206255234777927,0.0003750361502170563,-0.0015185847878456116,-4.981917381286621,2.0958611965179443,28.889986038208008
4.668561,-0.04097472131252289,0.027435559779405594,1.038879632949829,26.296165466308594,1026.486328125,41.412864685058594,1.4279452812573705,2.307782609216616,203.39025101131912,-0.00012049544602632523,0.0018960218876600266,0.0018593519926071167,-5.270514965057373,2.2472927570343018,28.410614013671875
4.790137,-0.03900003433227539,0.025007635354995728,1.026207447052002,26.278221130371094,1026.482421875,42.5352897644043,1.4316410539285822,2.307411431123908,203.1990466956938,0.00077804084867239,0.0009248405694961548,-1.8650665879249573e-05,-5.720142364501953,2.6617558002471924,28.856245040893555
4.913229,-0.04023421183228493,0.02622159756720066,1.0361989736557007,26.296165466308594,1026.489013671875,39.82028579711914,1.4456100714417277,2.3095586718442305,203.19743477104967,0.0012534549459815025,-0.002168552950024605,-0.0003177281469106674,-5.692038059234619,2.7228598594665527,28.39984893798828
5.035418,-0.038753196597099304,0.02549321949481964,1.0310814380645752,26.332054138183594,1026.48974609375,41.628082275390625,1.4465176328276932,2.298073281868031,203.19875982774866,0.0006500976160168648,-0.0021212007850408554,-0.0006370712071657181,-5.848004341125488,2.505923271179199,28.327953338623047
5.157516,-0.040481045842170715,0.027192767709493637,1.0291317701339722,26.278221130371094,1026.5029296875,41.44597625732422,1.4639718610865433,2.287410502799995,202.9563564141049,-0.0024236789904534817,3.0020251870155334e-05,0.001723138615489006,-5.721757888793945,2.2444725036621094,28.544252395629883
5.279793,-0.03924686834216118,0.027435559779405594,1.0435099601745605,26.332054138183594,1026.50537109375,41.50888442993164,1.446682304419714,2.2807408230754773,202.61462838955083,0.007382211275398731,5.2444636821746826e-05,-0.0031243693083524704,-5.671982765197754,2.379047155380249,28.695064544677734
5.403867,-0.03949370235204697,0.02355087921023369,1.0366864204406738,26.332054138183594,1026.507080078125,42.041954040527344,1.4697379281282092,2.278708628353987,202.38247025966209,0.0008799443021416664,-0.0021219775080680847,-4.610419273376465e-05,-5.805323123931885,2.4237313270568848,28.829532623291016
5.525547,-0.03924686834216118,0.029620693996548653,1.0371737480163574,26.296165466308594,1026.510498046875,43.61798095703125,1.5582254834249574,2.2641123006542583,202.16680020642977,0.01728467270731926,-0.0008959118276834488,-0.029900910332798958,-5.601093292236328,2.8255207538604736,28.502134323120117
5.647907,-0.040481045842170715,0.028649523854255676,1.031325101852417,26.42177963256836,1026.504638671875,41.836673736572266,1.5734166779127121,2.270973225675536,202.32344376485483,-0.006077182944864035,0.0015206355601549149,0.0015126634389162064,-5.654791831970215,2.99333119392395,28.475656509399414
5.777022,-0.03900003433227539,0.026707183569669724,1.0288881063461304,26.20644187927246,1026.50341796875,40.79702377319336,1.5276735136589614,2.274031656319821,202.53761117646977,-9.13906842470169e-06,0.0005693566054105759,0.001733575016260147,-5.901061058044434,2.6344990730285645,28.581459045410156
5.899682,-0.038753196597099304,0.027921147644519806,1.0374175310134888,26.296165466308594,1026.50244140625,41.69099044799805,1.5221333764684348,2.271066073559566,202.5186505713338,-0.001184922643005848,0.0017429888248443604,0.0004281606525182724,-6.215766906738281,2.5837037563323975,28.949430465698242
6.022,-0.03974054008722305,0.02549321949481964,1.0264511108398438,26.26027488708496,1026.49072265625,41.25062942504883,1.518317114991396,2.2738583402696317,202.3147557642306,0.003066912293434143,-0.0010295435786247253,0.0021322444081306458,-5.912327766418457,2.6139984130859375,28.59804916381836
6.144633,-0.0407278798520565,0.02622159756720066,1.0325435400009155,26.26027488708496,1026.482421875,41.57841491699219,1.5101469280835915,2.2687350580618877,202.22452896529472,-0.003528330475091934,0.0013706889003515244,0.0008155815303325653,-5.950762748718262,2.6724560260772705,28.28103256225586
6.26693,-0.03998737409710884,0.027192767709493637,1.0398544073104858,26.26027488708496,1026.47509765625,41.64463424682617,1.5135800586368748,2.2721885724609754,202.1492329598845,0.0046146335080266,-0.001102035865187645,0.0010475348681211472,-6.202448844909668,2.8271524906158447,28.322221755981445
6.388639,-0.04023421183228493,0.028649523854255676,1.0274258852005005,26.26027488708496,1026.470703125,41.429420471191406,1.5142337290847863,2.2692912915924204,202.17327522576295,-0.003534269519150257,-0.00019408762454986572,0.0024949144572019577,-5.9403533935546875,2.9646155834198,28.71150016784668
6.510664,-0.04023421183228493,0.02986348792910576,1.026938557624817,26.26027488708496,1026.45068359375,41.33009338378906,1.503100200572548,2.2635462487267937,202.33109357672527,-0.0021906476467847824,-0.0001416616141796112,-0.0009224582463502884,-6.187012195587158,3.0454940795898438,28.682483673095703
6.633069,-0.040481045842170715,0.0276783537119627,1.0252326726913452,26.349998474121094,1026.45361328125,41.469154357910156,1.498318107658187,2.259046648167636,202.45866785004276,-0.0006351359188556671,-0.0010132510215044022,0.0008507315069437027,-6.070478916168213,2.673511028289795,28.968957901000977
6.755176,-0.04023421183228493,0.028649523854255676,1.0310814380645752,26.332054138183594,1026.447998046875,41.575103759765625,1.5131032260554433,2.2558693295431107,202.32300663274796,-0.0015992876142263412,-0.0004156287759542465,-0.0013570096343755722,-6.093642234802246,2.6305525302886963,28.842185974121094
6.877095,-0.041221555322408676,0.027921147644519806,1.0354679822921753,26.367944717407227,1026.445556640625,42.31676483154297,1.4992851130342728,2.250021620396522,202.16378126281663,-0.0005474602803587914,-0.0006937328726053238,0.0007195603102445602,-5.844466686248779,2.749818801879883,28.73209571838379
6.999409,-0.04097472131252289,0.028649523854255676,1.0259637832641602,26.349998474121094,1026.446044921875,41.614837646484375,1.4967920939872181,2.255241379026293,202.19300081208593,-0.0061440784484148026,0.0010891109704971313,0.0009975023567676544,-5.710599899291992,3.008434772491455,28.180885314941406
7.121473,-0.040481045842170715,0.027921147644519806,1.0432662963867188,26.278221130371094,1026.440185546875,41.33671569824219,1.4926902452255082,2.25044060981342,202.49758626793349,0.0023604566231369972,-0.001900823786854744,0.0008576754480600357,-5.829715251922607,3.309202194213867,28.191173553466797
7.253129,-0.03974054008722305,0.0276783537119627,1.030593991279602,26.385889053344727,1026.446044921875,41.787010192871094,1.5050299424564884,2.254093053472084,202.82527142355403,0.00019708089530467987,-0.0013295505195856094,0.0011362414807081223,-6.127901077270508,2.97169828414917,27.979095458984375
7.402748,-0.040481045842170715,0.028649523854255676,1.034493088722229,26.403833389282227,1026.442626953125,41.53206253051758,1.498467197881164,2.254426878967769,202.89692010794744,-0.0024429126642644405,0.003749389201402664,-0.0019361842423677444,-6.232448101043701,3.02286958694458,28.74527931213379
7.524367,-0.040481045842170715,0.0276783537119627,1.0330308675765991,26.385889053344727,1026.4453125,41.6512565612793,1.4712534830720116,2.2540307279959078,202.9358112050815,-7.797032594680786e-05,-0.0008124671876430511,-0.0012528225779533386,-6.242913722991943,2.7903366088867188,29.265104293823242
7.646535,-0.040481045842170715,0.028892317786812782,1.029862880706787,26.349998474121094,1026.44091796875,41.5121955871582,1.4880612979589436,2.245055432539688,202.77829338244268,0.023785540834069252,0.0025391187518835068,0.0005763377994298935,-5.781546592712402,2.4683709144592285,28.969560623168945
7.768729,-0.01184811070561409,0.14179085195064545,1.034493088722229,26.349998474121094,1026.447265625,40.277198791503906,1.3622545495325977,2.2112573086489378,203.11813627478583,0.023211251944303513,-0.001448512077331543,-0.01619620807468891,-5.963242053985596,2.5399391651153564,27.29954719543457
7.890891,-0.0407278798520565,0.03277700021862984,1.0318124294281006,26.296165466308594,1026.443115234375,41.482398986816406,1.3590284590885304,2.2087905431415056,202.8039065918302,-0.01965165138244629,0.0003834683448076248,0.0008309129625558853,-6.332703590393066,2.7858779430389404,26.761459350585938
8.013577,-0.03974054008722305,0.029620693996548653,1.0391234159469604,26.403833389282227,1026.4423828125,40.98243713378906,1.2708841207975754,2.2010935602771355,202.69626281051083,-0.01645508036017418,0.002520143985748291,-0.0004139896482229233,-6.524587154388428,3.0004963874816895,26.13795280456543
8.135547,-0.038506362587213516,0.02549321949481964,1.0325435400009155,26.332054138183594,1026.44775390625,41.45922088623047,1.3194385482250208,2.2108169748908835,202.7027105090873,0.01586212031543255,0.0015576798468828201,0.001075107604265213,-6.447820663452148,2.894563913345337,26.395051956176758
8.257758,0.021820131689310074,0.10027333348989487,1.0045183897018433,26.367944717407227,1026.444091796875,41.098323822021484,1.589034012171652,2.1643309208431885,202.04854231114018,-0.04570809006690979,-0.0018126722425222397,0.00401703268289566,-6.3922810554504395,2.658262252807617,26.243242263793945
8.379751,-0.041221555322408676,0.03326258063316345,1.0435099601745605,26.332054138183594,1026.442138671875,41.452598571777344,1.378344447504738,2.1893742363218633,201.74802764803795,-0.01957518979907036,-0.0014733746647834778,0.0013316236436367035,-6.529059886932373,2.2536563873291016,26.253679275512695
8.502099,-0.03998737409710884,0.028892317786812782,1.0108546018600464,26.42177963256836,1026.43994140625,41.27711486816406,1.2392013278371192,2.1853510414573143,201.233113346889,0.024314772337675095,-0.005004946142435074,0.00039836205542087555,-6.288215160369873,1.9708645343780518,25.8962459564209
8.624298,-0.03949370235204697,0.0276783537119627,1.0427788496017456,26.49355697631836,1026.439453125,41.62477111816406,1.436913959967832,2.17059825973691,200.66578417404943,0.00023912452161312103,0.0005546547472476959,5.663745105266571e-05,-6.2610673904418945,2.3404736518859863,25.87312126159668
8.750396,-0.03998737409710884,0.031563032418489456,1.039610743522644,26.332054138183594,1026.453369140625,42.498870849609375,1.3900143593102336,2.1713376277145637,200.34838528331895,-0.08635522425174713,0.00023767724633216858,0.00034363381564617157,-6.46544885635376,2.332134962081909,25.738996505737305
8.883678,-0.03974054008722305,0.0276783537119627,1.0279133319854736,26.349998474121094,1026.449951171875,42.73063659667969,1.232198462947152,2.1807758819304635,200.10583160551343,-0.01451413705945015,0.0010871607810258865,0.00035079941153526306,-6.692850589752197,2.67681622505188,25.701387405395508
9.005858,-0.03801268711686134,0.02549321949481964,1.031325101852417,26.332054138183594,1026.451171875,42.5352897644043,1.2362877185475798,2.178157785044233,200.03259831723256,0.015727080404758453,0.0023308154195547104,0.0009184759110212326,-6.46527099609375,2.5049972534179688,25.315038681030273
9.127788,-0.03974054008722305,0.029620693996548653,1.0410728454589844,26.385889053344727,1026.451904296875,42.85314178466797,1.3685327740403088,2.1866218835297597,199.87464336248684,-0.0024079359136521816,-0.0010562893003225327,0.00061752088367939,-6.45887565612793,2.2088723182678223,25.46383285522461
9.250446,-0.040481045842170715,0.027192767709493637,1.036442756652832,26.367944717407227,1026.443359375,40.21098327636719,1.344112606601692,2.1896847964856874,199.54127548947687,-0.02208843268454075,0.001611173152923584,-0.0018400736153125763,-6.244869232177734,2.1974024772644043,25.755268096923828
9.37335,-0.03825952485203743,0.027435559779405594,1.0398544073104858,26.403833389282227,1026.4326171875,41.65456771850586,1.3596891731690233,2.2054260346450394,199.32571471927128,0.007643126882612705,0.0002700444310903549,3.7258490920066833e-05,-5.938242435455322,2.3130576610565186,25.483205795288086
9.496135,-0.04023421183228493,0.024522049352526665,1.0337620973587036,26.511503219604492,1026.42626953125,41.836673736572266,1.3989667095997105,2.2169526191996707,199.27482980995467,0.00132749043405056,0.0014234315603971481,0.0006304513663053513,-5.874074459075928,2.325895309448242,25.629087448120117
9.618366,-0.03900003433227539,0.0276783537119627,1.0393670797348022,26.45766830444336,1026.427978515625,41.575103759765625,1.4089537268267387,2.219037534443817,199.23459999574328,0.0010081352666020393,0.0001283343881368637,0.0003026202321052551,-6.110916614532471,2.4212069511413574,25.765310287475586
9.740332,-0.038753196597099304,0.0276783537119627,1.040341854095459,26.42177963256836,1026.434814453125,41.426109313964844,1.4365207972037333,2.21985054039846,199.21802995681685,0.006233802065253258,3.0251219868659973e-05,0.0005928408354520798,-6.3092451095581055,2.6830456256866455,26.16419792175293
9.862836,-0.040481045842170715,0.027435559779405594,1.0242578983306885,26.45766830444336,1026.43505859375,41.379756927490234,1.4651735474936425,2.222530962760867,199.30146754771772,-0.0042463913559913635,-0.0017839577049016953,0.0005589425563812256,-6.003685474395752,2.279632568359375,25.9566650390625
9.984946,-0.03974054008722305,0.029377900063991547,1.0381486415863037,26.47561264038086,1026.436767578125,41.28704833984375,1.4657471766622177,2.218861657072689,199.19799018179202,0.00037832092493772507,0.0009412970393896103,0.0008663386106491089,-6.205565929412842,2.324202537536621,25.851778030395508
10.106573,-0.04097472131252289,0.02840672992169857,1.0320560932159424,26.403833389282227,1026.431396484375,41.6214599609375,1.4844962593773143,2.2180074565396146,199.0685580970203,0.007479280233383179,0.0012589618563652039,-0.0006025340408086777,-5.966376304626465,2.2659976482391357,25.465778350830078
10.228708,-0.038753196597099304,0.028892317786812782,1.0381486415863037,26.403833389282227,1026.433349609375,42.27041244506836,1.4839834615810343,2.2212932044172136,198.89246215983903,-0.0013224240392446518,0.002677338197827339,0.00031330250203609467,-6.056988716125488,2.3517141342163086,24.88421630859375
10.351582,-0.038506362587213516,0.028163937851786613,1.038879632949829,26.385889053344727,1026.434326171875,41.58503723144531,1.4701573444319302,2.2236555960963917,198.84213732603436,-0.008899676613509655,0.00023352168500423431,0.0002729985862970352,-5.970266819000244,2.378127098083496,25.455623626708984
10.48068,-0.0407278798520565,0.026707183569669724,1.0418040752410889,26.529447555541992,1026.441162109375,41.455909729003906,1.4293770596621345,2.2325367630081123,198.86040125187498,-0.005726305302232504,0.0019305963069200516,-0.0012410879135131836,-6.203566551208496,2.5001657009124756,25.395261764526367
10.602755,-0.04023421183228493,0.025978805497288704,1.0379048585891724,26.403833389282227,1026.45068359375,41.28704833984375,1.4254103205799438,2.233997142830026,198.90079499062642,-0.003157304599881172,-0.000843556597828865,0.0024287141859531403,-6.169239044189453,2.5340943336486816,25.433265686035156
10.724118,-0.040481045842170715,0.026464389637112617,1.038879632949829,26.278221130371094,1026.461181640625,41.66450119018555,1.4211767772332995,2.2178633822368097,198.96141974969947,0.008302305825054646,0.0004624743014574051,1.0527670383453369e-05,-6.247987270355225,2.3204221725463867,25.630596160888672
10.846179,-0.040481045842170715,0.028649523854255676,1.0281569957733154,26.403833389282227,1026.468017578125,40.95926284790039,1.4450406044196777,2.221283812907105,198.8261410229982,-0.0047830939292907715,0.00013732537627220154,0.00027573294937610626,-6.517319679260254,1.4281798601150513,25.882722854614258
10.96849,-0.04097472131252289,0.025736013427376747,1.0420477390289307,26.385889053344727,1026.46044921875,41.92607116699219,1.3186443252905953,2.230590585981482,198.0135260966851,-0.0039892420172691345,5.405023694038391e-05,-0.001574082300066948,-6.3156046867370605,1.409326195716858,24.994108200073242
11.090177,-0.03949370235204697,0.024279257282614708,1.0271822214126587,26.45766830444336,1026.4609375,41.35988998413086,1.3428874414193208,2.22993339371728,197.339072236903,0.004668459761887789,7.078051567077637e-05,-0.000659160315990448,-6.579775333404541,1.868979811668396,24.44089698791504
11.212776,-0.038753196597099304,0.026464389637112617,1.0369300842285156,26.45766830444336,1026.449462890625,41.6214599609375,1.3803399299594397,2.228781012738252,196.99021349485545,0.001994701102375984,0.0006219036877155304,-0.0006504356861114502,-6.466116428375244,2.1180946826934814,24.850740432739258
11.334572,-0.03949370235204697,0.028649523854255676,1.0379048585891724,26.43972396850586,1026.45166015625,41.628082275390625,1.3810525107889422,2.235601170067921,196.8242945395375,0.0029572085477411747,-0.00034634023904800415,0.0008592903614044189,-6.613184452056885,2.164658308029175,24.88575553894043
11.456679,-0.03924686834216118,0.02840672992169857,1.0327872037887573,26.403833389282227,1026.4560546875,41.35658264160156,1.4065633740606458,2.2262975986447175,196.72558464565248,0.0010466896928846836,-0.0006289873272180557,-0.0006447043269872665,-6.4324116706848145,2.4873461723327637,25.144580841064453
11.578973,-0.03949370235204697,0.02549321949481964,1.038879632949829,26.43972396850586,1026.458984375,41.87971496582031,1.4039578703356974,2.230437760498803,196.86390963672358,0.004612448625266552,0.0011094026267528534,-0.0003468915820121765,-6.469284534454346,2.4826900959014893,25.550018310546875
11.701447,-0.038753196597099304,0.02476484328508377,1.0327872037887573,26.42177963256836,1026.451171875,41.38969039916992,1.428503755943725,2.245524367714892,196.9897217212352,0.0026527298614382744,0.0003523901104927063,0.00023152679204940796,-6.463333606719971,2.353516101837158,25.645530700683594
11.832725,-0.03924686834216118,0.026707183569669724,1.0318124294281006,26.385889053344727,1026.444091796875,40.23415756225586,1.4487910186042494,2.2492831061925145,196.9697229273454,-0.0031781382858753204,0.002071704715490341,-0.0012407340109348297,-6.532624244689941,2.1620335578918457,25.37761878967285
11.95556,-0.03998737409710884,0.02694997750222683,1.0418040752410889,26.47561264038086,1026.435791015625,41.134742736816406,1.4568241748418307,2.2405195466005647,196.85800835328067,0.0049153780564665794,-3.666430711746216e-05,0.0032762791961431503,-6.491974830627441,2.039747714996338,24.7694034576416
12.078298,-0.040481045842170715,0.02694997750222683,1.026938557624817,26.47561264038086,1026.430419921875,41.91944885253906,1.4706249989466647,2.248380240561603,196.70258056852788,-0.0018101963214576244,0.002925001084804535,-0.0009934548288583755,-6.578586101531982,2.4190118312835693,24.503662109375
12.200679,-0.03924686834216118,0.024522049352526665,1.0374175310134888,26.42177963256836,1026.4345703125,41.93600082397461,1.4916245222715747,2.2490837500461147,196.7486980058038,0.004052778240293264,0.0010613389313220978,-0.00037265196442604065,-6.743908882141113,2.3433265686035156,25.223600387573242
12.322205,-0.03974054008722305,0.025978805497288704,1.0259637832641602,26.385889053344727,1026.4267578125,41.661190032958984,1.4797041346226099,2.2504984529779537,196.80517000986146,-0.0024812472984194756,-0.0008198712021112442,0.0004725940525531769,-6.587928295135498,2.6318674087524414,25.59391975402832
12.444266,-0.0407278798520565,0.025250427424907684,1.0315687656402588,26.45766830444336,1026.43310546875,42.518733978271484,1.4900506972764156,2.2433534347758854,197.02068979893204,-0.004960203543305397,0.00043473392724990845,0.002529580146074295,-6.589985370635986,2.27807354927063,25.574384689331055
12.56652,-0.04023421183228493,0.02694997750222683,1.0398544073104858,26.511503219604492,1026.429443359375,41.50888442993164,1.4761228743417019,2.247594341920229,196.87879944911418,0.0026849405840039253,0.000990942120552063,-0.0011160951107740402,-6.406672954559326,1.979490876197815,26.002683639526367
12.688321,-0.038506362587213516,0.02476484328508377,1.0259637832641602,26.511503219604492,1026.431396484375,42.34656524658203,1.4812653664564868,2.2480094893557188,196.6131050904007,-0.00010551931336522102,0.0018619559705257416,-0.00016643106937408447,-6.4609856605529785,2.1907525062561035,25.498918533325195
12.810309,-0.03924686834216118,0.02694997750222683,1.0393670797348022,26.49355697631836,1026.428466796875,41.320159912109375,1.4907741637199081,2.2472594492074864,196.5481909725289,0.002530998084694147,0.0006128102540969849,0.00044061802327632904,-6.395179271697998,2.410806894302368,25.524131774902344
12.932832,-0.040481045842170715,0.024279257282614708,1.0315687656402588,26.367944717407227,1026.428955078125,43.5782470703125,1.4916964527012713,2.2425109736304467,196.61802282660312,-0.0029418915510177612,-0.002080848440527916,-0.0031222086399793625,-6.437102794647217,2.386265754699707,25.415515899658203
13.056095,-0.03949370235204697,0.026464389637112617,1.0361989736557007,26.547391891479492,1026.430419921875,41.55192947387695,1.4919244102648206,2.2304258076677552,196.7024576251228,-0.001092339400202036,-0.0019885171204805374,0.0005518868565559387,-6.353296279907227,2.4149186611175537,25.630847930908203
13.17809,-0.04023421183228493,0.02840672992169857,1.0296192169189453,26.619171142578125,1026.42724609375,41.293670654296875,1.4860026362544194,2.2278397272932593,196.8311247287075,0.0013281619176268578,-0.0007218997925519943,0.0005660112947225571,-6.341133117675781,2.273279905319214,25.677562713623047
13.309279,-0.041221555322408676,0.023065295070409775,1.0303502082824707,26.49355697631836,1026.42822265625,41.3830680847168,1.4925884327181926,2.2216187056198473,196.86727008979523,0.00010391464456915855,0.0004960857331752777,-3.23224812746048e-05,-6.545679092407227,2.309393882751465,26.558313369750977
13.432301,-0.03949370235204697,0.02355087921023369,1.026207447052002,26.45766830444336,1026.42529296875,41.796939849853516,1.488916138822253,2.220140183107951,196.84466216364248,-0.0035208752378821373,0.002000223845243454,0.0008804537355899811,-6.583273887634277,2.015399694442749,25.9693546295166
13.554235,-0.04023421183228493,0.02840672992169857,1.0349805355072021,26.565336227416992,1026.4345703125,41.561859130859375,1.500647415608573,2.224735192872077,196.81928118068672,0.004546236712485552,-0.0010440517216920853,0.0017286017537117004,-6.5147271156311035,2.496898889541626,25.85616111755371
13.67603,-0.040481045842170715,0.024522049352526665,1.0288881063461304,26.43972396850586,1026.436279296875,41.1148796081543,1.5073625587797534,2.226246158782531,196.98660715497368,0.0007816529832780361,0.0004366375505924225,0.0013795047998428345,-6.653262615203857,2.9283783435821533,25.400053024291992
13.798128,-0.04097472131252289,0.028892317786812782,1.039610743522644,26.583282470703125,1026.430908203125,41.614837646484375,1.5133911612176416,2.228360529217473,197.3129262727602,0.002529185265302658,0.0012937672436237335,0.0001817513257265091,-6.519611835479736,2.83872389793396,25.4498233795166
13.92002,-0.040481045842170715,0.028649523854255676,1.0252326726913452,26.529447555541992,1026.428955078125,41.502262115478516,1.522818423097846,2.22980362012305,197.56811580053022,0.0007007280364632607,0.0009926073253154755,0.0004856996238231659,-6.614963054656982,2.7044079303741455,25.572500228881836
14.042675,-0.0407278798520565,0.025007635354995728,1.039610743522644,26.43972396850586,1026.427978515625,41.588348388671875,1.5147416176826,2.2258058250244765,197.76856819229175,-0.0013778256252408028,-0.0008096564561128616,-0.0010673142969608307,-6.236166477203369,2.5830748081207275,25.84488868713379
14.165171,-0.03949370235204697,0.028649523854255676,1.0330308675765991,26.47561264038086,1026.43701171875,42.71076965332031,1.516387799994279,2.228488808707822,197.86573446342436,0.00010985787957906723,0.0018476136028766632,0.00013360939919948578,-6.5515971183776855,2.1063947677612305,26.078271865844727
14.28732,-0.04023421183228493,0.027435559779405594,1.0259637832641602,26.547391891479492,1026.44140625,41.482398986816406,1.5135607420081285,2.238061318829595,197.63558440915162,-0.0023400289937853813,-0.0009474288672208786,-0.0010467320680618286,-6.447081565856934,1.9691004753112793,26.018281936645508
14.409106,-0.040481045842170715,0.02622159756720066,1.0400981903076172,26.42177963256836,1026.450927734375,42.13134765625,1.510306263590323,2.24027984964938,197.39445141069348,0.0030522895976901054,0.0017227381467819214,-0.0013625305145978928,-6.443983554840088,2.484055757522583,25.59292221069336
14.531748,-0.03949370235204697,0.03059186413884163,1.038392186164856,26.583282470703125,1026.453857421875,41.6777458190918,1.515698271053225,2.2373898258568183,197.43518665890343,0.00022335723042488098,-0.0013133566826581955,0.00016342662274837494,-6.3942108154296875,2.2661919593811035,26.059072494506836
14.653772,-0.03949370235204697,0.02694997750222683,1.0381486415863037,26.43972396850586,1026.458740234375,42.399539947509766,1.515880978613523,2.2308430895373608,197.36519088028913,-0.001047496683895588,0.0011197850108146667,-0.0004279501736164093,-6.2127180099487305,2.190871477127075,25.865951538085938
14.782486,-0.03974054008722305,0.027192767709493637,1.0376611948013306,26.43972396850586,1026.466552734375,41.87640380859375,1.510974875077044,2.2321638773681123,197.3203301978205,0.004397793672978878,0.0007803179323673248,0.0016377680003643036,-6.492541313171387,2.0766875743865967,25.707136154174805
14.904511,-0.03900003433227539,0.023065295070409775,1.0271822214126587,26.42177963256836,1026.462158203125,41.883026123046875,1.5100961285516394,2.2305816213581964,197.10246082367544,-0.0025801882147789,-0.0007431413978338242,-0.0010770633816719055,-6.6813788414001465,1.749098777770996,25.72498321533203
15.027346,-0.03998737409710884,0.028163937851786613,1.0374175310134888,26.565336227416992,1026.458984375,41.63801574707031,1.528575098629403,2.2280232886272033,196.65539762174143,-0.0035946513526141644,-9.475275874137878e-05,-0.0010710600763559341,-6.37841272354126,1.8945391178131104,26.140172958374023
15.149755,-0.03998737409710884,0.02549321949481964,1.0303502082824707,26.601226806640625,1026.4638671875,41.26718521118164,1.5170884279927341,2.2316738112951637,196.2094955519663,0.0013362551108002663,-0.0025601573288440704,0.001071300357580185,-6.50398588180542,1.1448559761047363,26.056657791137695
15.273957,-0.04023421183228493,0.02694997750222683,1.0371737480163574,26.47561264038086,1026.4697265625,41.55854797363281,1.5014319268677725,2.2311743537121065,195.43857210034696,0.0010710805654525757,-0.00042928382754325867,-0.00018531829118728638,-6.575778961181641,1.290910005569458,26.410606384277344
15.39623,-0.03900003433227539,0.028163937851786613,1.0427788496017456,26.547391891479492,1026.461669921875,39.873260498046875,1.503804457109,2.238982754037312,194.7842672986164,0.004290958866477013,-0.0004916489124298096,-0.0008080881088972092,-6.95596981048584,1.411359429359436,25.793651580810547
15.531247,-0.040481045842170715,0.026707183569669724,1.0366864204406738,26.529447555541992,1026.44775390625,41.27049255371094,1.507043460879467,2.2396913861637007,194.2109275593072,0.005129026249051094,0.000981595367193222,0.00038644298911094666,-7.062254428863525,1.5809063911437988,26.37459373474121
15.65694,-0.04023421183228493,0.027435559779405594,1.0308376550674438,26.547391891479492,1026.45166015625,41.68436813354492,1.496442153513961,2.237968044058742,193.7845188494233,-0.0005326853133738041,-0.002922121435403824,0.00031644850969314575,-7.134261131286621,1.383440375328064,26.143095016479492
15.779229,-0.041468389332294464,0.028163937851786613,1.0408293008804321,26.511503219604492,1026.457275390625,41.31353759765625,1.4922483106418671,2.2415521858257064,193.10850770651047,-0.0023192474618554115,0.0006643310189247131,0.0011865943670272827,-7.486797332763672,0.4437864124774933,26.241514205932617
15.90177,-0.038753196597099304,0.027435559779405594,1.038879632949829,26.619171142578125,1026.456298828125,41.528751373291016,1.4977783092703445,2.2348921110547093,191.91709048882848,0.0036640623584389687,7.931515574455261e-05,-0.0008986573666334152,-7.324838161468506,0.6532849073410034,25.709884643554688
16.02502,-0.03825952485203743,0.028163937851786613,1.036442756652832,26.529447555541992,1026.44873046875,41.34333801269531,1.5091679698764582,2.2329064469969393,190.97602702498412,0.0019810935482382774,4.5433640480041504e-05,-0.0011747032403945923,-7.1221923828125,0.6908625960350037,25.563690185546875
16.147464,-0.038753196597099304,0.028163937851786613,1.039610743522644,26.511503219604492,1026.4404296875,41.23738479614258,1.524714014035936,2.228311650676225,190.2045708186095,0.0017936183139681816,-0.0002126730978488922,-0.0005771797150373459,-6.987920761108398,0.9313480854034424,25.34028434753418
16.278172,-0.1303292214870453,0.03981798142194748,1.0973669290542603,26.565336227416992,1026.44140625,40.92615509033203,1.3022470688058045,2.054588990788124,195.61431286769138,-0.3280627131462097,0.0007071979343891144,0.7673158049583435,-7.338390350341797,-0.1907515823841095,22.988935470581055
16.404675,0.14983157813549042,0.012139628641307354,0.9041153192520142,26.367944717407227,1026.45654296875,41.8068733215332,0.1483999203032637,2.8821929806782256,181.75980689107578,-0.015910552814602852,-0.769899308681488,-3.789128065109253,-9.094407081604004,0.9189494252204895,18.88564682006836
16.526251,0.14061862230300903,-0.014714779332280159,1.0488712787628174,26.42177963256836,1026.453125,39.813663482666016,359.36675501935815,344.8520593927118,165.10433231602067,-0.8656240701675415,-0.8957375288009644,-1.6959983110427856,-8.217403411865234,3.8036036491394043,12.558780670166016
16.650735,-0.3514939546585083,0.37390056252479553,1.085425853729248,26.42177963256836,1026.4638671875,43.3928337097168,344.1078897920714,348.87425961096295,163.33879671746408,-0.8952510356903076,0.8339273929595947,0.6051310896873474,-10.123711585998535,1.0535334348678589,7.043580532073975
16.772873,0.25141641497612,-0.5292496681213379,1.2379800081253052,26.43972396850586,1026.46875,39.5289192199707,339.6806585022648,354.47558590494276,165.74011364472213,0.6639825105667114,1.310402274131775,0.17721998691558838,-13.605290412902832,-2.78127121925354,0.7837271094322205
16.895844,0.10473663359880447,-0.3179357349872589,0.7303594350814819,26.49355697631836,1026.46533203125,39.85670471191406,346.40815407055914,357.2382785362327,163.8497904900294,1.3945772647857666,0.07462189346551895,0.0449676513671875,-16.223676681518555,-5.528122425079346,-7.527307987213135
17.018481,0.22135312855243683,0.37560009956359863,0.9850226640701294,26.403833389282227,1026.45556640625,41.214210510253906,356.5507551094738,350.34336329199374,157.5670409819932,0.02043592929840088,-0.8584747314453125,-1.766858696937561,-17.088985443115234,-5.023150444030762,-12.97520637512207
17.140473,0.14546756446361542,0.15223094820976257,1.2886689901351929,26.45766830444336,1026.454345703125,39.297149658203125,351.42579544995806,346.7768442668618,154.11388858293148,-2.615753173828125,3.146663188934326,-1.5020486116409302,-19.9216251373291,-7.436319828033447,-13.640398025512695
17.26301,-0.45170924067497253,-0.6279110312461853,1.3798116445541382,26.47561264038086,1026.464111328125,41.30360412597656,343.8832807287628,355.64190772695366,142.46871657638323,0.7653861045837402,0.17938528954982758,-0.9892272353172302,-25.909666061401367,-12.311513900756836,-13.753602027893066
17.385091,-0.31718379259109497,-0.2462916374206543,1.1521986722946167,26.42177963256836,1026.4697265625,40.965885162353516,351.7947631226958,353.3981534454509,138.05702908958028,0.7247635722160339,-1.3169291019439697,-0.7439647912979126,-28.478900909423828,-15.237074851989746,-13.373767852783203
17.507923,-0.05578485503792763,-0.04149085283279419,0.9867285490036011,26.367944717407227,1026.472900390625,42.263790130615234,357.7723241972468,347.8837780209263,138.22632215834824,0.7177386283874512,-1.0557842254638672,0.1204095110297203,-27.486623764038086,-14.661251068115234,-11.808856964111328
17.630185,0.21480707824230194,0.10367242991924286,0.563670814037323,26.43972396850586,1026.4638671875,40.93608474731445,3.747309436707095,350.62276413282416,139.5943817283451,1.1187715530395508,2.1057488918304443,-0.2225913405418396,-25.77151870727539,-12.833012580871582,-11.847176551818848
17.76219,-0.25374704599380493,-0.266072154045105,1.1119886636734009,26.45766830444336,1026.462158203125,42.96571731567383,2.724215614374297,2.9595817987388204,134.3727567493837,-1.1594502925872803,2.5107524394989014,-1.0457322597503662,-24.626073837280273,-14.148893356323242,-11.880843162536621
17.884253,-0.38555726408958435,-0.3876500129699707,1.1431819200515747,26.49355697631836,1026.4599609375,41.97904586791992,353.0820625359464,21.727728212139127,130.2289902629637,-0.3839568793773651,1.320481538772583,-0.5078653693199158,-26.22607421875,-19.539634704589844,-15.91535758972168
18.010277,-0.9720388054847717,-0.5799070596694946,0.8475776314735413,26.547391891479492,1026.458984375,42.104862213134766,348.46504163344633,38.88403471845081,133.25278331042006,-3.1585068702697754,1.6631770133972168,-0.4852633774280548,-31.73124885559082,-23.738929748535156,-21.60102081298828
18.142202,-0.8441779017448425,-0.972140371799469,0.39990654587745667,26.45766830444336,1026.457763671875,43.90272521972656,328.8107061363238,32.513247487107705,130.81482924845403,-0.09043611586093903,-2.066155433654785,1.6060338020324707,-37.19429397583008,-28.491817474365234,-22.934545516967773
18.264577,-0.16784822940826416,-0.4004350006580353,0.4023434817790985,26.583282470703125,1026.462646484375,41.90620422363281,327.1804731701306,18.49669697998084,137.69658634670037,-0.07913510501384735,0.43778127431869507,-0.06712612509727478,-39.49794387817383,-31.37737274169922,-19.43240737915039
18.3867,-0.20832929015159607,-0.15366089344024658,0.3343520760536194,26.47561264038086,1026.447998046875,40.240779876708984,323.20724626200206,17.733283321353927,136.73824250425588,-1.7834491729736328,-1.8764816522598267,-0.7201410531997681,-38.258705139160156,-33.34450149536133,-18.23777961730957
18.509932,-0.6970638632774353,-0.749247670173645,1.6098613739013672,26.49355697631836,1026.443603515625,41.5386848449707,325.176864497864,14.745592946302978,138.43301734301116,0.6548194885253906,-2.765901565551758,0.022060202434659004,-35.59052276611328,-35.59538269042969,-18.70930290222168
18.632116,-1.3738871812820435,-1.4106889963150024,3.2750418186187744,26.49355697631836,1026.442138671875,43.40607833862305,353.47776442286926,9.740167360234588,151.432055786461,6.724071025848389,-2.048745632171631,1.683613657951355,-32.02656555175781,-28.34783172607422,-16.315292358398438
18.763102,-0.07750639319419861,-0.07357389479875565,-0.12654000520706177,26.43972396850586,1026.432861328125,43.30674743652344,43.643044154738064,354.0124495603444,160.80261087485493,4.732345104217529,-4.0154266357421875,5.422719955444336,-26.216115951538086,-8.39633560180664,-21.74008560180664
18.886842,0.05770213156938553,0.005827021785080433,-0.019041258841753006,26.403833389282227,1026.427734375,42.72401428222656,83.2275557537087,310.5535695037447,172.5903699105164,4.631857395172119,-1.5172929763793945,6.044580936431885,-12.767247200012207,0.15686552226543427,-37.79754638671875
19.009001,0.09503880143165588,-0.020021749660372734,-0.014702743850648403,26.349998474121094,1026.40771484375,41.79031753540039,190.4848408010118,296.94885720545483,101.21807595203636,5.599468231201172,-3.9314324855804443,4.273987770080566,-1.1419446468353271,-11.845925331115723,-57.163230895996094
19.131316,0.11758626997470856,-0.026293622329831123,-0.00048205716302618384,26.26027488708496,1026.395751953125,41.68436813354492,241.19671410517373,324.80179490487654,98.71765981011058,6.816922664642334,-2.666024923324585,1.806702971458435,-4.264646053314209,-34.1406135559082,-64.05592346191406
19.264151,-0.0017278495943173766,0.011411250568926334,0.00170587794855237,26.314109802246094,1026.378662109375,42.67435073852539,298.53743626299473,337.6844008210925,117.36365960270602,7.046302318572998,-1.4815572500228882,0.48326346278190613,-12.751588821411133,-48.33179473876953,-42.37651443481445
19.416931,-0.021227866411209106,0.0313202403485775,0.03094950132071972,26.349998474121094,1026.36279296875,41.3830680847168,349.4781260269939,334.77960332935606,127.1132355485223,6.494385719299316,-2.4155702590942383,0.06237730756402016,-14.405985832214355,-41.11764907836914,-21.021724700927734
19.538991,-1.921615481376648,-0.4380662441253662,-0.9629091620445251,26.296165466308594,1026.35009765625,41.68105697631836,328.36864946305144,1.671575887795904,131.68873829237882,-3.0552706718444824,6.317664623260498,5.219301700592041,-29.038511276245117,-40.41902542114258,-22.305768966674805
19.661476,-1.719950795173645,0.8776951432228088,0.6206958889961243,26.314109802246094,1026.3525390625,41.575103759765625,321.42623003969163,16.536330235349627,91.70979692921829,-0.6127258539199829,-3.174264907836914,-1.5154876708984375,-35.759788513183594,-44.39710998535156,-30.578689575195312
19.783852,-1.4397923946380615,-1.0071181058883667,-0.23813624680042267,26.314109802246094,1026.346923828125,41.94924545288086,309.3291351516149,348.94490511132204,81.99260974044621,9.49770450592041,0.1934351772069931,-4.105556011199951,-32.21428680419922,-49.64329528808594,-30.16847038269043
19.905792,-0.19648118317127228,-0.6460029482841492,1.6235084533691406,26.367944717407227,1026.34521484375,41.896270751953125,331.42779898474635,340.81327462138216,57.129737614359314,1.1181607246398926,0.8922650218009949,-5.918298721313477,-21.939664840698242,-50.93547058105469,-23.085573196411133
20.02785,-0.35593700408935547,-0.40501827001571655,1.4931305646896362,26.296165466308594,1026.353515625,41.33009338378906,352.6263198711246,350.6814363115682,53.138977610631336,-1.1463167667388916,2.629260301589966,0.11643888056278229,-12.853987693786621,-49.42412567138672,-15.802644729614258
20.150271,-0.7716082334518433,-0.03618388622999191,0.8029811382293701,26.278221130371094,1026.3583984375,41.479087829589844,353.6553920299719,8.8903330255868,50.73933407971993,-0.09807192534208298,3.02876615524292,-0.5549020171165466,-8.70866584777832,-46.28737258911133,-11.381376266479492
20.272685,-0.5966017246246338,-0.003377162618562579,0.4839819669723511,26.314109802246094,1026.38134765625,42.03533172607422,345.9922425076559,40.54639689449978,32.05724698264473,2.4183874130249023,4.617321014404297,-1.7103536128997803,-9.756570816040039,-42.95862579345703,-10.736520767211914
20.394462,-1.4111593961715698,0.4108050465583801,-0.2152385264635086,26.332054138183594,1026.392578125,41.707542419433594,333.9388514387571,54.6749744568459,9.752090309204492,1.8249318599700928,-2.0417206287384033,-3.61044979095459,-8.614352226257324,-37.07532501220703,-7.977107524871826
20.516593,-0.5297093391418457,-0.13653385639190674,0.808342456817627,26.332054138183594,1026.40185546875,41.55523681640625,345.50963927014936,30.99689084985151,14.18977947240402,2.2870514392852783,0.9652634263038635,-0.6792130470275879,-5.684868335723877,-33.686622619628906,-4.548065185546875
20.646061,-0.5420510768890381,-0.664336085319519,0.8080987334251404,26.314109802246094,1026.410400390625,41.479087829589844,355.72759586518606,23.091486470506183,24.37159027946622,1.7733137607574463,-1.6043412685394287,2.234614133834839,-2.7255606651306152,-30.155628204345703,-3.0426042079925537
20.77678,-0.19253180921077728,-0.03931982070207596,0.7393762469291687,26.314109802246094,1026.421142578125,41.482398986816406,1.9647246187650895,352.3087852303844,22.531687581226524,1.1939079761505127,-1.5539448261260986,-3.3196780681610107,0.946284294128418,-34.21110534667969,-10.537283897399902
20.899252,0.10740353912115097,-0.34760650992393494,0.7532669305801392,26.22438621520996,1026.42919921875,42.04857635498047,356.0177102846165,346.1705070298986,33.704138780223616,-0.09837736189365387,2.688208818435669,2.0852577686309814,3.611917018890381,-40.73211669921875,-17.83868980407715
21.022293,-0.45911431312561035,-0.309492826461792,0.9684512615203857,26.26027488708496,1026.4345703125,42.17439270019531,355.88864233430485,7.187684686265803,34.79023789599861,0.6474891304969788,0.43350523710250854,-0.8276533484458923,2.070505380630493,-41.61892318725586,-15.219026565551758
21.144271,0.29045021533966064,-0.020021749660372734,0.7851912379264832,26.278221130371094,1026.43603515625,41.320159912109375,2.631123551081608,8.342588566418566,44.892108169014975,1.4190118312835693,-0.8783278465270996,0.20043286681175232,1.8350586891174316,-38.66863250732422,-13.124876976013184
21.267632,0.11904094368219376,-0.07526247948408127,0.5668388605117798,26.314109802246094,1026.439208984375,41.734031677246094,6.561461353534123,1.216771200046209,52.40538797301529,0.22324319183826447,-0.9012353420257568,0.5422120094299316,3.6042611598968506,-35.93690490722656,-12.063401222229004
21.389554,-0.07010132819414139,-0.3538784086704254,1.7748441696166992,26.278221130371094,1026.43994140625,41.5386848449707,11.312220775077648,354.08695966711326,54.13739075784171,1.0637937784194946,-0.921393871307373,0.1158280149102211,5.151988983154297,-33.26536178588867,-11.510197639465332
21.511769,-0.4428231716156006,-0.5562669038772583,4.855903148651123,26.278221130371094,1026.429931640625,42.353187561035156,5.085805813542038,356.8860612621042,58.29541867924871,-7.081178188323975,0.8916541934013367,-0.8930159211158752,3.6841018199920654,-35.26190185546875,-13.988452911376953
21.633833,0.1556502729654312,0.19836154580116272,0.7710568308830261,26.26027488708496,1026.4384765625,41.31353759765625,337.4029816593623,353.5847179281957,62.58878679905951,-4.769969463348389,-0.26929524540901184,-0.25069114565849304,1.7545795440673828,-46.17122268676758,-18.6741886138916
21.755767,-0.018512673676013947,0.0014567554462701082,-0.0877344086766243,26.332054138183594,1026.4287109375,39.67129135131836,312.36489810559164,3.8862218240468143,65.1665753239032,-1.5415465831756592,-2.831264019012451,0.7172248959541321,-3.1621387004852295,-55.64070129394531,-29.360218048095703
21.877767,0.046792060136795044,0.01068287342786789,0.05190742760896683,26.080827713012695,1026.422607421875,41.5121955871582,306.7474397585659,354.18079323281773,78.68057587982615,-1.3705042600631714,0.35897964239120483,0.5290783643722534,-9.167780876159668,-59.99211883544922,-39.25526809692383
22.000231,0.02545681968331337,-0.06127138063311577,0.01657138578593731,26.20644187927246,1026.421875,41.810184478759766,301.32086129318,351.19243008413355,77.75800173806502,-0.9554212689399719,-0.34992945194244385,-0.7968046069145203,-12.163042068481445,-61.588077545166016,-46.281776428222656
22.122513,0.027638833969831467,0.0012139629106968641,0.026075564324855804,26.26027488708496,1026.407958984375,40.84668731689453,300.4147410771294,342.23164024216345,75.56753275048526,-0.8176711797714233,0.24566416442394257,-1.321232557296753,-10.051220893859863,-60.774017333984375,-51.15146255493164
22.244765,-0.025670906528830528,0.004127473570406437,0.006336118094623089,26.116718292236328,1026.39794921875,40.595054626464844,297.55840377755425,343.05097265952526,72.00600573986297,-0.9560321569442749,-0.02128395065665245,-0.9373036623001099,-6.11430549621582,-58.01443099975586,-55.36762619018555
22.374434,-0.01184811070561409,-0.006995550822466612,-0.0033744003158062696,26.188495635986328,1026.383544921875,41.69761276245117,289.9572365144088,343.30450074377967,69.87419441687527,-1.0217002630233765,0.06484805047512054,-0.7647342085838318,-3.2373647689819336,-54.25514602661133,-59.01675033569336
22.496411,2.676360607147217,-0.9670746326446533,-0.0542314313352108,26.170551300048828,1026.380859375,41.6214599609375,231.0002388819635,305.22389434720833,89.45989163548107,-1.3989094495773315,-5.392316818237305,-1.889337182044983,-2.7695300579071045,-33.8671875,-71.01457214355469
22.621864,-0.7355702519416809,-0.8720316290855408,-1.1665782928466797,26.170551300048828,1026.3798828125,41.90620422363281,232.26990274677718,317.0454833098288,119.02013074059586,0.6612336039543152,4.887018203735352,-2.627567768096924,-3.929007053375244,-28.85379409790039,-77.15416717529297
22.743689,0.7324290871620178,-1.0059120655059814,-1.3114365339279175,26.134662628173828,1026.388427734375,41.734031677246094,256.9708242574539,305.0558990143827,96.97471847732838,2.9012763500213623,2.6225409507751465,0.03855356574058533,2.333617925643921,-29.862356185913086,-77.49468994140625
22.865518,0.5852643847465515,-1.062600016593933,-1.4254430532455444,26.20644187927246,1026.385498046875,41.94924545288086,260.2959925718479,314.5604589991977,98.60783036825677,-0.9600027799606323,-3.8507981300354004,4.618821144104004,6.93308687210083,-32.031742095947266,-76.48615264892578
22.987986,0.5828399658203125,-0.11337617039680481,-0.44132333993911743,26.188495635986328,1026.38818359375,41.8333625793457,228.98350258611217,328.1166871996642,105.16884178307933,-2.3378093242645264,0.27132052183151245,-0.36706095933914185,2.3726654052734375,-22.81476402282715,-76.4496841430664
23.110394,0.12776899337768555,0.09201838076114655,-0.5649710297584534,26.26027488708496,1026.400146484375,42.12472915649414,224.31442625062647,338.4647226130097,115.54617358532231,-3.7003443241119385,-0.9962248802185059,0.7844200730323792,-2.51588773727417,-19.038284301757812,-77.28256225585938
23.232956,0.06836974620819092,-0.2749975323677063,-0.8792722821235657,26.278221130371094,1026.40869140625,42.05188751220703,223.3552081439682,339.5438515207367,109.92048144525214,0.7504199147224426,1.9414260387420654,-0.00756676122546196,-5.938893795013428,-17.40369415283203,-78.25386047363281
23.354566,-0.047886114567518234,-0.294778048992157,-1.8113298416137695,26.367944717407227,1026.42041015625,41.94924545288086,228.35091778594227,332.0803774561642,102.89598705373086,-0.538811206817627,-0.1449841558933258,-0.6553893089294434,-4.210858345031738,-18.3719539642334,-78.59050750732422
23.476284,-0.4642978608608246,-0.5203242897987366,-5.02400016784668,26.385889053344727,1026.42919921875,42.49224853515625,218.40303412776385,5.062269408548997,101.53654035227737,7.915869235992432,-8.165949821472168,7.0769429206848145,-6.843413829803467,-18.648502349853516,-78.10298919677734
23.598625,-0.3147154748439789,-0.3246900737285614,-0.03760046139359474,26.296165466308594,1026.4345703125,42.028709411621094,196.33790310836255,38.75048402960955,97.55281202829993,-8.097046852111816,-1.214609146118164,2.6237354278564453,-22.354385375976562,-9.394204139709473,-60.63861083984375
23.720844,-0.0009873425588011742,-0.17078793048858643,-0.042662058025598526,26.278221130371094,1026.425537109375,39.737510681152344,105.82231330173113,43.74882329441405,52.08191362901807,-8.103155136108398,-1.2906619310379028,4.766039848327637,-21.51869010925293,-6.641290187835693,-31.226957321166992
23.843137,0.1590445190668106,-0.008684132248163223,-0.026272114366292953,26.349998474121094,1026.416015625,41.82674026489258,62.78739503974514,27.202404869660317,78.33857464770527,-8.378961563110352,6.432812690734863,2.0214221477508545,-24.12008285522461,-28.22964096069336,-17.721843719482422
23.96551,0.15710493922233582,-0.015920909121632576,-0.07062137871980667,26.26027488708496,1026.396484375,41.4095573425293,57.23301007460991,64.03710792199321,144.76128323167634,-7.647144794464111,6.937998294830322,-2.152925491333008,-31.230175018310547,-47.04073715209961,-37.086238861083984
24.087501,0.10546397417783737,0.03836122900247574,-0.08002149313688278,26.20644187927246,1026.3896484375,41.74396514892578,149.86708186269266,60.01029476473132,292.72543022274493,-6.770553112030029,5.943509578704834,-2.703009605407715,-18.61981964111328,-39.66343688964844,-60.49674606323242
24.209381,0.014546754769980907,0.0643400326371193,-0.05567760393023491,26.188495635986328,1026.37451171875,42.79354476928711,130.179225504671,35.25366623118397,328.05764704447864,-6.892115116119385,3.8873374462127686,-0.23511406779289246,-1.4750349521636963,-19.776403427124023,-57.49711608886719
24.331998,-0.033075977116823196,0.0738089457154274,0.03533604368567467,26.278221130371094,1026.3544921875,41.90289306640625,88.44169484533975,20.67075473053236,344.3545928097977,-7.816354274749756,2.8568077087402344,1.605422854423523,6.081571102142334,-15.794381141662598,-39.06003952026367
24.454738,0.011394958011806011,0.054385535418987274,0.10089049488306046,26.20644187927246,1026.326416015625,42.35649871826172,35.43163364019782,19.650677930822003,6.607931399325951,-9.880773544311523,9.974915504455566,9.737872123718262,-0.5440922975540161,-31.99677085876465,-27.379854202270508
24.576889,-1.067070484161377,-1.484021782875061,1.1716943979263306,26.134662628173828,1026.314697265625,42.06513214111328,58.70158270843269,17.24674162601724,50.65446897928252,0.4938564598560333,-3.2726142406463623,4.424566268920898,-17.79897689819336,-39.96646499633789,-21.240060806274414
24.699259,-0.05356333404779434,0.32631322741508484,1.2713664770126343,26.188495635986328,1026.310791015625,41.93931198120117,72.28441108062187,354.15421269788897,50.932693320028406,3.234808921813965,0.4967297911643982,2.379694700241089,-27.892047882080078,-39.497013092041016,-13.770339965820312
24.821257,-0.13452543318271637,0.8315645456314087,1.3447191715240479,26.24233055114746,1026.31884765625,41.66781234741211,77.82792921478762,331.5367729454066,70.27563878534278,0.8179205060005188,0.617681086063385,2.9813969135284424,-34.4274787902832,-32.84587478637695,-11.120895385742188
24.943286,-0.2352343648672104,0.5491967797279358,0.9762495756149292,26.20644187927246,1026.3291015625,42.95247268676758,76.22239762772773,321.64494635729375,85.17447385586416,3.3016984462738037,7.524734020233154,2.9120638370513916,-35.38004684448242,-23.17338752746582,-11.051478385925293
25.066222,-0.6030194759368896,0.762611448764801,1.0457031726837158,26.188495635986328,1026.34619140625,42.29027557373047,47.57970906023954,320.1698577230028,129.4402673383673,-1.2006837129592896,2.365061044692993,1.595649003982544,-39.90673065185547,-16.086406707763672,-15.367107391357422
25.188864,-0.2932407557964325,0.42173072695732117,0.6019312143325806,26.188495635986328,1026.3662109375,41.63801574707031,21.476889514870408,329.58857930542365,158.54468693903212,-0.576073944568634,1.1537153720855713,1.31923246383667,-43.239707946777344,-12.314082145690918,-20.58601951599121
25.318957,-0.5637726187705994,0.5118067264556885,0.5656204223632812,26.20644187927246,1026.382568359375,43.82326126098633,15.976452798894513,331.50220706556445,167.58165558836262,-0.09929365664720535,-0.6297057271003723,0.36628276109695435,-43.68735122680664,-8.811573028564453,-23.051565170288086
25.445855,-0.07898740470409393,0.6200922131538391,0.8383171558380127,26.188495635986328,1026.39404296875,42.190948486328125,11.552636603672926,334.5831517209009,168.55584546968154,-0.9364844560623169,-0.07534552365541458,-0.2177044153213501,-42.973087310791016,-7.502609729766846,-22.598947525024414
25.568539,-0.06960765272378922,0.42852887511253357,0.8487961292266846,26.170551300048828,1026.408203125,41.922760009765625,9.664514477440235,335.35178705914825,165.72277862460865,-0.4752812385559082,-0.39543890953063965,-0.4339507222175598,-43.06371307373047,-9.114664077758789,-20.353498458862305
25.698479,0.028851065784692764,0.3248564600944519,0.9781991243362427,26.20644187927246,1026.4462890625,41.942623138427734,8.667337594469638,336.4008187382976,164.77198897138618,-0.29629769921302795,-0.07839985191822052,0.052298031747341156,-43.11674118041992,-10.779107093811035,-18.58160400390625
25.824358,-0.052329156547784805,0.49165499210357666,0.9833167791366577,26.044937133789062,1026.469482421875,42.52535629272461,6.80354161385277,340.2343170514806,167.81220179360724,-0.6460180282592773,0.2743748426437378,0.48784494400024414,-43.456268310546875,-11.062437057495117,-19.157394409179688
25.946913,-0.1863609254360199,0.34403708577156067,0.6687041521072388,26.116718292236328,1026.481201171875,41.93600082397461,6.418816267812992,343.58589599984776,169.61855460264383,0.1707087904214859,-0.7304984927177429,0.1252964287996292,-42.98953628540039,-11.219993591308594,-19.12693214416504
26.069084,-0.04171522334218025,0.15077418088912964,0.7164686918258667,25.991104125976562,1026.48193359375,43.24715042114258,1.0789208004007207,345.4443802277245,174.04866993982748,-1.4367831945419312,-0.8230445981025696,0.28503769636154175,-41.499176025390625,-11.238580703735352,-17.678787231445312
26.191382,0.1738337129354477,-0.0776747390627861,1.0281569957733154,26.116718292236328,1026.486328125,42.058509826660156,359.3622421853075,334.17627052185406,176.44889403681833,1.3191354274749756,0.09325328469276428,0.943244993686676,-37.890384674072266,-11.513310432434082,-17.490922927856445
26.313356,-0.1787090003490448,-0.6749500036239624,2.5095901489257812,26.152606964111328,1026.483642578125,40.508968353271484,336.0348537874737,341.0240047402973,178.17700019872325,-1.6072145700454712,-4.468688488006592,4.228172779083252,-36.57354736328125,-13.679215431213379,-16.624176025390625
26.43529,0.5433213114738464,-0.24484428763389587,1.0201150178909302,26.20644187927246,1026.47998046875,42.137969970703125,332.2429718169036,337.9114619223131,177.70581276864075,2.827361583709717,1.2673362493515015,-1.8939186334609985,-36.57353210449219,-13.085894584655762,-12.301553726196289
26.557921,0.4892558753490448,-0.2619713246822357,0.8597624897956848,26.20644187927246,1026.468994140625,42.18763732910156,354.89103045366153,343.66738869438245,158.8288091481263,-0.4951343536376953,1.180898904800415,-0.4345615804195404,-40.828433990478516,-12.677736282348633,-13.119924545288086
26.680193,0.2446279376745224,-0.0634424090385437,1.3313158750534058,26.20644187927246,1026.468017578125,41.777076721191406,352.79486161908386,346.5455655238287,155.38211810801945,-0.7886550426483154,-1.8492982387542725,-0.9919760823249817,-42.89252853393555,-16.280290603637695,-11.076702117919922
26.811449,0.6010234355926514,0.06409724056720734,0.972594141960144,26.152606964111328,1026.466796875,44.187469482421875,353.8248204218628,342.4329190868146,147.6408500046187,0.40222668647766113,3.66284441947937,-0.05949030816555023,-43.269535064697266,-19.7805233001709,-11.192583084106445
26.938249,0.8941405415534973,-1.1902085542678833,1.4646180868148804,26.134662628173828,1026.46484375,40.866554260253906,356.50895862062157,14.990224709163448,151.22198648834808,-0.21474719047546387,3.375432252883911,-0.5322999954223633,-47.558773040771484,-25.725215911865234,-19.6827449798584
27.060381,-0.6903992891311646,0.1583007574081421,0.8171155452728271,26.188495635986328,1026.461181640625,42.90943145751953,356.86269305051945,18.30510334357281,145.0253246846107,0.3481651246547699,-0.759514570236206,-0.7299149036407471,-48.200130462646484,-29.960817337036133,-24.002424240112305
27.186144,-0.6299245953559875,0.01068287342786789,0.7349897027015686,26.062883377075195,1026.453125,41.75389862060547,354.49749629802653,16.536873235388644,143.45938087398022,-0.7840735912322998,-1.462925910949707,-1.0771918296813965,-47.598243713378906,-33.036415100097656,-23.3978328704834
27.308082,-0.6982980370521545,-0.42600494623184204,0.9694260358810425,26.116718292236328,1026.453369140625,41.31022644042969,347.15840851597636,15.030968495109866,148.2145995552781,-0.31187477707862854,-0.826404333114624,1.4942454099655151,-46.488285064697266,-36.61455535888672,-21.263916015625
27.430554,0.005576256196945906,-0.19515174627304077,-0.12027326226234436,26.22438621520996,1026.45654296875,42.10817337036133,348.6737790446711,9.607652298826233,160.07870644548197,-0.23062968254089355,-1.6018977165222168,0.9985283017158508,-47.24813461303711,-33.31451416015625,-20.216670989990234
27.552768,-0.12909504771232605,-0.15293721854686737,1.2959797382354736,26.22438621520996,1026.46484375,42.028709411621094,347.09962449288463,0.2711526937165411,160.03321738560967,0.03143150359392166,0.1787744164466858,-0.7842819094657898,-48.14304733276367,-28.519535064697266,-19.035282135009766
27.67438,0.11540426313877106,0.01626710407435894,1.0749467611312866,26.098772048950195,1026.46728515625,41.641326904296875,348.5603680223713,0.25719995126352735,156.7685918680187,0.03660893067717552,0.04183631390333176,-0.12065242230892181,-48.17192840576172,-25.129989624023438,-17.324352264404297
27.7964,-0.04023421183228493,-0.17440633475780487,0.9657706022262573,26.20644187927246,1026.47216796875,41.34002685546875,348.8844015881068,0.5565199715912308,156.60502249777522,0.03813609480857849,0.030840739607810974,-0.004282597452402115,-48.07405090332031,-23.538354873657227,-15.889337539672852
27.918477,-0.04344307258725166,-0.2045595645904541,1.013778805732727,26.22438621520996,1026.47314453125,41.869781494140625,348.92262247292854,0.7452979692356265,156.2109205826655,0.004256748594343662,0.0005731061100959778,0.002020766958594322,-47.6399040222168,-23.095638275146484,-15.46530818939209
28.040498,-0.041221555322408676,-0.21637964248657227,1.0091487169265747,26.116718292236328,1026.466064453125,41.5386848449707,348.8552904680906,0.8645373306924464,155.89481942787728,0.005117068067193031,-0.00448964536190033,0.003911077976226807,-46.972782135009766,-23.125307083129883,-14.949831008911133
28.16367,-0.041221555322408676,-0.21444982290267944,0.999400794506073,26.134662628173828,1026.47119140625,41.80356216430664,348.8175067153757,0.972313607009575,155.5869008397148,-0.01705140620470047,0.0010317303240299225,0.00045058317482471466,-47.312171936035156,-22.950706481933594,-14.839798927307129
28.292272,-0.03974054008722305,-0.2040771096944809,1.006224274635315,26.152606964111328,1026.461669921875,41.65787887573242,348.8274437868444,1.0662161149359681,155.30620738558395,0.004417640157043934,0.000506911426782608,0.0003417283296585083,-47.213504791259766,-22.96915626525879,-14.751964569091797
28.415926,-0.038506362587213516,-0.21252001821994781,1.0032999515533447,26.116718292236328,1026.455810546875,40.82682418823242,348.78738728868325,1.1679687513745274,155.05374993348192,0.01313888281583786,-0.0039872340857982635,0.0035337936133146286,-47.00686264038086,-22.73249053955078,-15.08593463897705
28.538081,-0.03974054008722305,-0.20287097990512848,0.9979385733604431,26.24233055114746,1026.455322265625,41.6777458190918,348.7280192844175,1.2503132985647896,154.83738320095426,-0.01865774393081665,0.0012058615684509277,0.002460891380906105,-47.263423919677734,-22.623512268066406,-15.195817947387695
28.660157,-0.11354440450668335,-0.23061196506023407,0.9830730557441711,26.098772048950195,1026.448486328125,41.36320114135742,346.93730248593835,1.455861651777388,154.0893545434328,-0.1173124834895134,-0.0015430320054292679,0.004293486475944519,-47.01152038574219,-23.267831802368164,-15.564162254333496
28.782797,-0.03974054008722305,-0.210348978638649,1.0708038806915283,26.152606964111328,1026.4453125,41.8896484375,350.01406194286085,1.566102719250392,154.0250551425863,0.9655621647834778,0.017088625580072403,0.02406931482255459,-47.45248794555664,-21.90555763244629,-14.905261039733887
28.904824,-0.05257599055767059,-0.070196732878685,1.0435099601745605,26.188495635986328,1026.435302734375,41.2175178527832,352.06755660927786,1.6854295391450997,154.01169529256975,-0.1350466012954712,0.025810401886701584,0.01225341483950615,-47.221351623535156,-20.553695678710938,-15.262804985046387
29.026889,-0.05208232253789902,-0.0774335116147995,0.9872159361839294,26.188495635986328,1026.430908203125,41.760520935058594,355.67504567037247,2.2019746546800674,154.20097349484914,0.41320493817329407,0.0019866563379764557,0.0037013012915849686,-47.52547836303711,-18.420272827148438,-15.462916374206543
29.149202,-0.04443041607737541,-0.02749975211918354,1.0179216861724854,26.170551300048828,1026.41943359375,42.22736740112305,356.37133436427064,2.2375371018107963,154.56496793609747,-0.05695371329784393,-0.0009876824915409088,7.3947012424469e-05,-47.68842697143555,-17.44302749633789,-15.371607780456543
29.271495,-0.046898774802684784,-0.030635690316557884,1.0381486415863037,26.134662628173828,1026.414794921875,41.982357025146484,355.70182598833446,2.250725343324445,154.93157150960874,-0.17857299745082855,-0.007795127108693123,-0.008843056857585907,-47.72779083251953,-17.611915588378906,-15.885984420776367
29.393053,-0.047639280557632446,-0.0422145314514637,1.0771400928497314,26.170551300048828,1026.41064453125,42.618064880371094,355.98763013151176,2.22969988662503,155.16157129971975,-0.06565284729003906,-0.0024901796132326126,-4.2805448174476624e-05,-48.10549545288086,-17.677412033081055,-16.2440242767334
29.52252,-0.047886114567518234,-0.049692537635564804,1.0181653499603271,26.24233055114746,1026.41259765625,41.30360412597656,356.1668910075997,2.2477253961749284,155.4809646056879,-0.019271431490778923,-0.0017858874052762985,0.0007903184741735458,-48.08251190185547,-17.794124603271484,-16.209070205688477
29.644582,-0.04912029579281807,0.023065295070409775,1.1288038492202759,26.098772048950195,1026.4072265625,41.836673736572266,357.946971067107,2.1099252624528635,156.59353411959125,0.650422215461731,-0.0005341432988643646,-1.1580908298492432,-48.92302322387695,-17.7064266204834,-15.81655216217041
29.771492,-0.042702566832304,-0.0007236776873469353,1.0946862697601318,26.22438621520996,1026.40869140625,42.70414733886719,357.94456940184006,1.1271125874719208,137.97812674428832,0.05727201700210571,-0.046043604612350464,-3.212430477142334,-47.922950744628906,-21.893707275390625,-13.859931945800781
29.900231,-0.03381648287177086,-0.0422145314514637,1.0683670043945312,26.152606964111328,1026.41162109375,41.69099044799805,357.3175785266004,1.5285027413128833,128.55108599145836,-0.12690386176109314,-0.846277117729187,-0.993157148361206,-46.82871627807617,-26.17902946472168,-11.78600025177002
30.022672,0.20123010873794556,0.04685896635055542,1.2501648664474487,26.22438621520996,1026.3994140625,42.09823989868164,3.0780025513514437,346.54641161351213,120.72938558039155,2.4546124935150146,-1.910098910331726,-1.4070184230804443,-41.28927230834961,-26.781984329223633,-9.050328254699707
30.144698,0.1648632138967514,0.407163143157959,0.7859223484992981,26.22438621520996,1026.39697265625,42.071754455566406,26.75489770543025,349.1538286452017,116.4915810494788,2.383141279220581,0.3406341075897217,-0.8584613800048828,-36.90083312988281,-24.309125900268555,-8.116836547851562
30.267266,0.011152512393891811,0.7575128674507141,0.5120070576667786,26.20644187927246,1026.4150390625,42.35649871826172,47.65782934887156,354.86777579397176,115.04002924706768,1.9503434896469116,0.034896042197942734,-0.9430662393569946,-35.76929473876953,-19.463783264160156,-8.425232887268066
30.389228,-0.037765853106975555,0.85025954246521,0.6472588777542114,26.188495635986328,1026.41748046875,41.909515380859375,55.3026620113809,357.977463165996,115.823165076923,0.7014294266700745,-0.3481164574623108,-0.5710493326187134,-34.892364501953125,-15.024349212646484,-9.540216445922852
30.511116,-0.0446772500872612,0.8240379691123962,0.45863744616508484,26.26027488708496,1026.4169921875,42.14459228515625,58.06673028545834,359.2055911030021,117.05078229720608,0.4222639799118042,-0.38079774379730225,-0.4549849033355713,-34.03545379638672,-12.828348159790039,-9.83841323852539
30.633277,-0.05084814503788948,0.9087725877761841,0.5151751041412354,26.22438621520996,1026.423095703125,42.42933654785156,63.16356087809443,2.2141044303157753,119.74197245283948,1.2111965417861938,-0.10041061043739319,-0.7741619944572449,-33.48711013793945,-11.248878479003906,-10.268196105957031
30.761053,-0.14711403846740723,0.942520797252655,0.3126630485057831,26.134662628173828,1026.432861328125,42.286964416503906,65.04646644734852,7.3700661050307765,118.11880531734263,0.2753508985042572,-0.288251668214798,-1.0701261758804321,-32.48491287231445,-11.295893669128418,-10.093252182006836
30.883516,-0.2831205129623413,0.9087725877761841,0.42037704586982727,26.188495635986328,1026.437744140625,42.57501983642578,65.51997614174883,9.352204077641401,118.76500951471753,0.22648167610168457,0.17661678791046143,-0.0008065924048423767,-31.822368621826172,-11.814054489135742,-9.257245063781738
31.005508,-0.2564622461795807,0.9529608488082886,0.36383938789367676,26.098772048950195,1026.427978515625,41.33009338378906,67.2185963770068,9.773400499414931,123.36396712818389,-0.00747265387326479,0.009325403720140457,-0.0049965158104896545,-31.14179229736328,-11.169136047363281,-8.904523849487305
31.127534,-0.2502913475036621,1.0046756267547607,0.3331335783004761,26.134662628173828,1026.43115234375,42.283653259277344,66.08636957867213,8.763066964555598,129.03571523382746,-0.1800420880317688,0.20541313290596008,0.24423649907112122,-31.118337631225586,-11.574366569519043,-8.212650299072266
31.249739,-0.2075887769460678,0.9240685105323792,0.35555368661880493,26.22438621520996,1026.432861328125,43.230594635009766,67.59189353590469,8.276234986179185,134.3064765936779,0.6293543577194214,0.15043526887893677,0.2686711251735687,-30.640077590942383,-11.223442077636719,-8.325445175170898
31.371792,-0.225114107131958,0.9789396524429321,0.2500329911708832,26.26027488708496,1026.441162109375,42.505489349365234,74.29525975340864,7.236121826538595,143.0020040863995,0.7842087149620056,0.456784188747406,0.5936514735221863,-30.611648559570312,-8.782613754272461,-9.318866729736328
31.494672,-0.08318360894918442,0.98743736743927,0.15182313323020935,26.296165466308594,1026.432373046875,42.96571731567383,79.30245777356664,4.917203020767096,149.59810901317755,0.6174424886703491,0.22587713599205017,0.14558176696300507,-30.590181350708008,-6.362618923187256,-11.274344444274902
31.616581,-0.11872794479131699,0.9825815558433533,0.09991570562124252,26.20644187927246,1026.419189453125,43.194175720214844,83.37452093407987,4.5911831506435785,154.85645308911694,0.39722558856010437,0.17670246958732605,0.07441596686840057,-30.614572525024414,-4.084466934204102,-12.354979515075684
31.738597,-0.18167103826999664,1.0051612854003906,0.042159553617239,26.278221130371094,1026.419677734375,43.42925262451172,85.621530227609,4.571139960524176,159.58327184384592,0.19686175882816315,0.1333310604095459,0.0628095269203186,-30.75505256652832,-2.3563296794891357,-13.60593032836914
31.860111,-0.10120261460542679,1.0037044286727905,0.025344472378492355,26.26027488708496,1026.419189453125,43.243839263916016,86.66081181171815,4.631849243188189,163.43455596962764,0.12478572875261307,0.0043401531875133514,-0.0071306489408016205,-31.041580200195312,-0.7457641959190369,-14.253405570983887
31.983144,-0.10762033611536026,0.9927788376808167,0.00341175589710474,26.332054138183594,1026.4140625,41.63470458984375,87.55909097060155,5.0043233642910785,166.60532102764432,0.12464728951454163,-0.033222731202840805,-0.03216729313135147,-30.952667236328125,-0.3362792730331421,-14.009177207946777
32.104867,-0.06639879196882248,0.9988486766815186,-0.021451544016599655,26.314109802246094,1026.416748046875,43.08491134643555,88.77021328403903,5.308430280009903,169.41128568209064,0.11375245451927185,0.008724577724933624,-0.015811391174793243,-30.731258392333984,0.5797285437583923,-14.272677421569824
32.226699,-0.11008869856595993,0.9990915060043335,-0.016389943659305573,26.296165466308594,1026.408203125,43.866302490234375,89.17374086020338,5.486002391825541,172.36763744168226,0.04779233783483505,0.025266196578741074,-0.005863349884748459,-30.484699249267578,1.0797157287597656,-14.484355926513672
32.35302,-0.116506427526474,0.9359654188156128,-0.022415658459067345,26.296165466308594,1026.415771484375,43.512027740478516,89.75831626069727,5.646614717045214,175.22426843939172,0.21730107069015503,0.10253875702619553,-0.008307293057441711,-30.49808692932129,1.6744451522827148,-14.588859558105469
32.474732,-0.13896846771240234,1.0488640069961548,-0.04242103174328804,26.43972396850586,1026.415771484375,43.144508361816406,90.63460221045322,5.540902171713634,177.49669969701165,-0.25428691506385803,-0.24168381094932556,0.004520876333117485,-30.810434341430664,1.8974099159240723,-15.27355670928955
32.602849,-0.06664562970399857,1.0129306316375732,0.07018469274044037,26.314109802246094,1026.4228515625,43.62791442871094,87.36083106956357,358.0106429443235,178.064220115148,-0.3468329906463623,-0.10179566591978073,2.1288046836853027,-29.701066970825195,1.4942114353179932,-15.533831596374512
32.724792,0.11346468329429626,0.9969062805175781,-0.07134446501731873,26.349998474121094,1026.427001953125,43.757041931152344,87.72384196357142,344.4068198512862,181.13406594045424,0.0975714772939682,0.44981563091278076,1.8010755777359009,-26.616897583007812,2.3221395015716553,-18.24953842163086
32.848685,0.3995508849620819,0.7822776436805725,0.07237796485424042,26.367944717407227,1026.438720703125,42.70745849609375,82.26723798659408,337.1696333690107,190.66702926693273,-1.0682648420333862,1.5832761526107788,1.0448243618011475,-24.11237335205078,2.084742546081543,-19.59641456604004
32.97075,0.45482856035232544,0.975297749042511,0.15596598386764526,26.367944717407227,1026.43408203125,44.77351379394531,75.55547063641102,330.5037734277866,199.05861334158874,-0.392037034034729,0.9568338394165039,0.9278436899185181,-23.29837989807129,1.8333886861801147,-19.748220443725586
                                                                                                                                                    